{"cameraMode":{"drawMode":0,"name":"Shaded","section":"Shading Mode"},"sceneLighting":true,"audioPlay":false,"sceneViewState":{"showFog":true,"showMaterialUpdate":false,"showSkybox":true,"showFlares":true,"showImageEffects":true,"showParticleSystems":true,"showVisualEffectGraphs":true,"m_FxEnabled":true},"in2DMode":false,"pivot":{"x":0.9132601618766785,"y":-0.000003814697265625,"z":14.883641242980957},"rotation":{"x":-0.5028582215309143,"y":0.4971459209918976,"z":-0.5010548233985901,"w":-0.49894413352012637},"size":17.36634063720703,"orthographic":true}